{
  "created_at_utc": "2026-06-11T08:09:34.773854+00:00",
  "primary_metric": "auprc",
  "model_name": "logistic_regression",
  "summary": {
    "auprc": {
      "mean": 0.6809594523169622,
      "std": 0.03888609773858962,
      "n_folds": 5.0
    },
    "f1": {
      "mean": 0.5354544441359856,
      "std": 0.011559905417080678,
      "n_folds": 5.0
    },
    "precision": {
      "mean": 0.3921042859521003,
      "std": 0.012613278406088165,
      "n_folds": 5.0
    },
    "recall": {
      "mean": 0.8457969326344399,
      "std": 0.035655849127475735,
      "n_folds": 5.0
    },
    "roc_auc": {
      "mean": 0.9273909704978669,
      "std": 0.009339224273543764,
      "n_folds": 5.0
    },
    "recall_at_k": {
      "mean": 0.6086973403222675,
      "std": 0.03321236328888507,
      "n_folds": 5.0
    },
    "precision_at_k": {
      "mean": 0.6086973403222675,
      "std": 0.03321236328888507,
      "n_folds": 5.0
    }
  },
  "per_fold_scores": {
    "auprc": [
      0.678590752766696,
      0.6520633262757785,
      0.7476108059136742,
      0.6549171933692606,
      0.6716151832594014
    ],
    "f1": [
      0.5391849529780565,
      0.5351170568561873,
      0.5527950310559007,
      0.5266457680250783,
      0.5235294117647059
    ],
    "precision": [
      0.3944954128440367,
      0.40404040404040403,
      0.40271493212669685,
      0.3853211009174312,
      0.3739495798319328
    ],
    "recall": [
      0.8514851485148515,
      0.7920792079207921,
      0.8811881188118812,
      0.8316831683168316,
      0.8725490196078431
    ],
    "roc_auc": [
      0.9279983044175977,
      0.9112746136999021,
      0.9326106922618868,
      0.9346090572359989,
      0.9304621848739496
    ],
    "recall_at_k": [
      0.594059405940594,
      0.6039603960396039,
      0.6633663366336634,
      0.5742574257425742,
      0.6078431372549019
    ],
    "precision_at_k": [
      0.594059405940594,
      0.6039603960396039,
      0.6633663366336634,
      0.5742574257425742,
      0.6078431372549019
    ]
  },
  "folds": [
    {
      "fold_id": 0,
      "metrics": {
        "auprc": 0.678590752766696,
        "f1": 0.5391849529780565,
        "precision": 0.3944954128440367,
        "recall": 0.8514851485148515,
        "roc_auc": 0.9279983044175977,
        "recall_at_k": 0.594059405940594,
        "precision_at_k": 0.594059405940594,
        "k": 101,
        "threshold": 0.5,
        "n_samples": 1082,
        "n_positive": 101
      },
      "confusion_matrix": [
        [
          849,
          132
        ],
        [
          15,
          86
        ]
      ],
      "n_train": 4328,
      "n_val": 1082
    },
    {
      "fold_id": 1,
      "metrics": {
        "auprc": 0.6520633262757785,
        "f1": 0.5351170568561873,
        "precision": 0.40404040404040403,
        "recall": 0.7920792079207921,
        "roc_auc": 0.9112746136999021,
        "recall_at_k": 0.6039603960396039,
        "precision_at_k": 0.6039603960396039,
        "k": 101,
        "threshold": 0.5,
        "n_samples": 1082,
        "n_positive": 101
      },
      "confusion_matrix": [
        [
          863,
          118
        ],
        [
          21,
          80
        ]
      ],
      "n_train": 4328,
      "n_val": 1082
    },
    {
      "fold_id": 2,
      "metrics": {
        "auprc": 0.7476108059136742,
        "f1": 0.5527950310559007,
        "precision": 0.40271493212669685,
        "recall": 0.8811881188118812,
        "roc_auc": 0.9326106922618868,
        "recall_at_k": 0.6633663366336634,
        "precision_at_k": 0.6633663366336634,
        "k": 101,
        "threshold": 0.5,
        "n_samples": 1082,
        "n_positive": 101
      },
      "confusion_matrix": [
        [
          849,
          132
        ],
        [
          12,
          89
        ]
      ],
      "n_train": 4328,
      "n_val": 1082
    },
    {
      "fold_id": 3,
      "metrics": {
        "auprc": 0.6549171933692606,
        "f1": 0.5266457680250783,
        "precision": 0.3853211009174312,
        "recall": 0.8316831683168316,
        "roc_auc": 0.9346090572359989,
        "recall_at_k": 0.5742574257425742,
        "precision_at_k": 0.5742574257425742,
        "k": 101,
        "threshold": 0.5,
        "n_samples": 1082,
        "n_positive": 101
      },
      "confusion_matrix": [
        [
          847,
          134
        ],
        [
          17,
          84
        ]
      ],
      "n_train": 4328,
      "n_val": 1082
    },
    {
      "fold_id": 4,
      "metrics": {
        "auprc": 0.6716151832594014,
        "f1": 0.5235294117647059,
        "precision": 0.3739495798319328,
        "recall": 0.8725490196078431,
        "roc_auc": 0.9304621848739496,
        "recall_at_k": 0.6078431372549019,
        "precision_at_k": 0.6078431372549019,
        "k": 102,
        "threshold": 0.5,
        "n_samples": 1082,
        "n_positive": 102
      },
      "confusion_matrix": [
        [
          831,
          149
        ],
        [
          13,
          89
        ]
      ],
      "n_train": 4328,
      "n_val": 1082
    }
  ]
}