{
  "created_at_utc": "2026-06-11T08:09:00.490564+00:00",
  "primary_metric": "auprc",
  "model_name": "catboost",
  "summary": {
    "auprc": {
      "mean": 0.6614969372643806,
      "std": 0.050719072906900746,
      "n_folds": 5.0
    },
    "f1": {
      "mean": 0.6047906759272963,
      "std": 0.038271716596312406,
      "n_folds": 5.0
    },
    "precision": {
      "mean": 0.5649654010799807,
      "std": 0.027462561572951915,
      "n_folds": 5.0
    },
    "recall": {
      "mean": 0.6522811104639875,
      "std": 0.0614871639311235,
      "n_folds": 5.0
    },
    "roc_auc": {
      "mean": 0.9265744395072346,
      "std": 0.011994616365252156,
      "n_folds": 5.0
    },
    "recall_at_k": {
      "mean": 0.6048145991069696,
      "std": 0.04391674685766663,
      "n_folds": 5.0
    },
    "precision_at_k": {
      "mean": 0.6048145991069696,
      "std": 0.04391674685766663,
      "n_folds": 5.0
    }
  },
  "per_fold_scores": {
    "auprc": [
      0.6348068703317807,
      0.6358374098110745,
      0.752000872010284,
      0.6422107748543497,
      0.6426287593144142
    ],
    "f1": [
      0.6111111111111112,
      0.5700483091787439,
      0.6606334841628959,
      0.6147186147186147,
      0.5674418604651162
    ],
    "precision": [
      0.5739130434782609,
      0.5566037735849056,
      0.6083333333333333,
      0.5461538461538461,
      0.5398230088495575
    ],
    "recall": [
      0.6534653465346535,
      0.5841584158415841,
      0.7227722772277227,
      0.7029702970297029,
      0.5980392156862745
    ],
    "roc_auc": [
      0.9204993893884802,
      0.9087716111060647,
      0.9299462056297372,
      0.9369202975343406,
      0.9367346938775509
    ],
    "recall_at_k": [
      0.6237623762376238,
      0.5841584158415841,
      0.6732673267326733,
      0.5742574257425742,
      0.5686274509803921
    ],
    "precision_at_k": [
      0.6237623762376238,
      0.5841584158415841,
      0.6732673267326733,
      0.5742574257425742,
      0.5686274509803921
    ]
  },
  "folds": [
    {
      "fold_id": 0,
      "metrics": {
        "auprc": 0.6348068703317807,
        "f1": 0.6111111111111112,
        "precision": 0.5739130434782609,
        "recall": 0.6534653465346535,
        "roc_auc": 0.9204993893884802,
        "recall_at_k": 0.6237623762376238,
        "precision_at_k": 0.6237623762376238,
        "k": 101,
        "threshold": 0.5,
        "n_samples": 1082,
        "n_positive": 101
      },
      "confusion_matrix": [
        [
          932,
          49
        ],
        [
          35,
          66
        ]
      ],
      "n_train": 4328,
      "n_val": 1082
    },
    {
      "fold_id": 1,
      "metrics": {
        "auprc": 0.6358374098110745,
        "f1": 0.5700483091787439,
        "precision": 0.5566037735849056,
        "recall": 0.5841584158415841,
        "roc_auc": 0.9087716111060647,
        "recall_at_k": 0.5841584158415841,
        "precision_at_k": 0.5841584158415841,
        "k": 101,
        "threshold": 0.5,
        "n_samples": 1082,
        "n_positive": 101
      },
      "confusion_matrix": [
        [
          934,
          47
        ],
        [
          42,
          59
        ]
      ],
      "n_train": 4328,
      "n_val": 1082
    },
    {
      "fold_id": 2,
      "metrics": {
        "auprc": 0.752000872010284,
        "f1": 0.6606334841628959,
        "precision": 0.6083333333333333,
        "recall": 0.7227722772277227,
        "roc_auc": 0.9299462056297372,
        "recall_at_k": 0.6732673267326733,
        "precision_at_k": 0.6732673267326733,
        "k": 101,
        "threshold": 0.5,
        "n_samples": 1082,
        "n_positive": 101
      },
      "confusion_matrix": [
        [
          934,
          47
        ],
        [
          28,
          73
        ]
      ],
      "n_train": 4328,
      "n_val": 1082
    },
    {
      "fold_id": 3,
      "metrics": {
        "auprc": 0.6422107748543497,
        "f1": 0.6147186147186147,
        "precision": 0.5461538461538461,
        "recall": 0.7029702970297029,
        "roc_auc": 0.9369202975343406,
        "recall_at_k": 0.5742574257425742,
        "precision_at_k": 0.5742574257425742,
        "k": 101,
        "threshold": 0.5,
        "n_samples": 1082,
        "n_positive": 101
      },
      "confusion_matrix": [
        [
          922,
          59
        ],
        [
          30,
          71
        ]
      ],
      "n_train": 4328,
      "n_val": 1082
    },
    {
      "fold_id": 4,
      "metrics": {
        "auprc": 0.6426287593144142,
        "f1": 0.5674418604651162,
        "precision": 0.5398230088495575,
        "recall": 0.5980392156862745,
        "roc_auc": 0.9367346938775509,
        "recall_at_k": 0.5686274509803921,
        "precision_at_k": 0.5686274509803921,
        "k": 102,
        "threshold": 0.5,
        "n_samples": 1082,
        "n_positive": 102
      },
      "confusion_matrix": [
        [
          928,
          52
        ],
        [
          41,
          61
        ]
      ],
      "n_train": 4328,
      "n_val": 1082
    }
  ]
}