{
  "created_at_utc": "2026-06-11T08:10:02.591741+00:00",
  "primary_metric": "auprc",
  "model_name": "random_forest",
  "summary": {
    "auprc": {
      "mean": 0.6516560630341971,
      "std": 0.05561532956928081,
      "n_folds": 5.0
    },
    "f1": {
      "mean": 0.5408180939709953,
      "std": 0.07985333725995387,
      "n_folds": 5.0
    },
    "precision": {
      "mean": 0.7624362767140795,
      "std": 0.08280931885801096,
      "n_folds": 5.0
    },
    "recall": {
      "mean": 0.4210444573869152,
      "std": 0.07681064151206635,
      "n_folds": 5.0
    },
    "roc_auc": {
      "mean": 0.9295401818340805,
      "std": 0.008805348440386652,
      "n_folds": 5.0
    },
    "recall_at_k": {
      "mean": 0.5988351776354106,
      "std": 0.053817755643615184,
      "n_folds": 5.0
    },
    "precision_at_k": {
      "mean": 0.5988351776354106,
      "std": 0.053817755643615184,
      "n_folds": 5.0
    }
  },
  "per_fold_scores": {
    "auprc": [
      0.6307274895570882,
      0.6164056570986103,
      0.7494183593131837,
      0.6192538376156079,
      0.6424749715864955
    ],
    "f1": [
      0.5398773006134969,
      0.46357615894039733,
      0.6748466257668712,
      0.5157232704402516,
      0.5100671140939598
    ],
    "precision": [
      0.7096774193548387,
      0.7,
      0.8870967741935484,
      0.7068965517241379,
      0.8085106382978723
    ],
    "recall": [
      0.43564356435643564,
      0.3465346534653465,
      0.5445544554455446,
      0.40594059405940597,
      0.37254901960784315
    ],
    "roc_auc": [
      0.9256517394858752,
      0.9164723811830724,
      0.9394939493949395,
      0.9324693937283637,
      0.9336134453781513
    ],
    "recall_at_k": [
      0.5841584158415841,
      0.5643564356435643,
      0.693069306930693,
      0.5643564356435643,
      0.5882352941176471
    ],
    "precision_at_k": [
      0.5841584158415841,
      0.5643564356435643,
      0.693069306930693,
      0.5643564356435643,
      0.5882352941176471
    ]
  },
  "folds": [
    {
      "fold_id": 0,
      "metrics": {
        "auprc": 0.6307274895570882,
        "f1": 0.5398773006134969,
        "precision": 0.7096774193548387,
        "recall": 0.43564356435643564,
        "roc_auc": 0.9256517394858752,
        "recall_at_k": 0.5841584158415841,
        "precision_at_k": 0.5841584158415841,
        "k": 101,
        "threshold": 0.5,
        "n_samples": 1082,
        "n_positive": 101
      },
      "confusion_matrix": [
        [
          963,
          18
        ],
        [
          57,
          44
        ]
      ],
      "n_train": 4328,
      "n_val": 1082
    },
    {
      "fold_id": 1,
      "metrics": {
        "auprc": 0.6164056570986103,
        "f1": 0.46357615894039733,
        "precision": 0.7,
        "recall": 0.3465346534653465,
        "roc_auc": 0.9164723811830724,
        "recall_at_k": 0.5643564356435643,
        "precision_at_k": 0.5643564356435643,
        "k": 101,
        "threshold": 0.5,
        "n_samples": 1082,
        "n_positive": 101
      },
      "confusion_matrix": [
        [
          966,
          15
        ],
        [
          66,
          35
        ]
      ],
      "n_train": 4328,
      "n_val": 1082
    },
    {
      "fold_id": 2,
      "metrics": {
        "auprc": 0.7494183593131837,
        "f1": 0.6748466257668712,
        "precision": 0.8870967741935484,
        "recall": 0.5445544554455446,
        "roc_auc": 0.9394939493949395,
        "recall_at_k": 0.693069306930693,
        "precision_at_k": 0.693069306930693,
        "k": 101,
        "threshold": 0.5,
        "n_samples": 1082,
        "n_positive": 101
      },
      "confusion_matrix": [
        [
          974,
          7
        ],
        [
          46,
          55
        ]
      ],
      "n_train": 4328,
      "n_val": 1082
    },
    {
      "fold_id": 3,
      "metrics": {
        "auprc": 0.6192538376156079,
        "f1": 0.5157232704402516,
        "precision": 0.7068965517241379,
        "recall": 0.40594059405940597,
        "roc_auc": 0.9324693937283637,
        "recall_at_k": 0.5643564356435643,
        "precision_at_k": 0.5643564356435643,
        "k": 101,
        "threshold": 0.5,
        "n_samples": 1082,
        "n_positive": 101
      },
      "confusion_matrix": [
        [
          964,
          17
        ],
        [
          60,
          41
        ]
      ],
      "n_train": 4328,
      "n_val": 1082
    },
    {
      "fold_id": 4,
      "metrics": {
        "auprc": 0.6424749715864955,
        "f1": 0.5100671140939598,
        "precision": 0.8085106382978723,
        "recall": 0.37254901960784315,
        "roc_auc": 0.9336134453781513,
        "recall_at_k": 0.5882352941176471,
        "precision_at_k": 0.5882352941176471,
        "k": 102,
        "threshold": 0.5,
        "n_samples": 1082,
        "n_positive": 102
      },
      "confusion_matrix": [
        [
          971,
          9
        ],
        [
          64,
          38
        ]
      ],
      "n_train": 4328,
      "n_val": 1082
    }
  ]
}