{
  "created_at_utc": "2026-06-11T08:35:20.553811+00:00",
  "primary_metric": "auprc",
  "model_name": "rf_centrality",
  "summary": {
    "auprc": {
      "mean": 0.6561193941502974,
      "std": 0.059091432851270914,
      "n_folds": 5.0
    },
    "f1": {
      "mean": 0.5008199322535372,
      "std": 0.05147061425116914,
      "n_folds": 5.0
    },
    "precision": {
      "mean": 0.7750085684028112,
      "std": 0.053887288252668884,
      "n_folds": 5.0
    },
    "recall": {
      "mean": 0.3716754028344011,
      "std": 0.05031165964086898,
      "n_folds": 5.0
    },
    "roc_auc": {
      "mean": 0.931171354513889,
      "std": 0.01015673688632235,
      "n_folds": 5.0
    },
    "recall_at_k": {
      "mean": 0.6048145991069696,
      "std": 0.05208567455727063,
      "n_folds": 5.0
    },
    "precision_at_k": {
      "mean": 0.6048145991069696,
      "std": 0.05208567455727063,
      "n_folds": 5.0
    }
  },
  "per_fold_scores": {
    "auprc": [
      0.6570682797161721,
      0.6123220038547351,
      0.7556923297502232,
      0.6115633846510478,
      0.6439509727793096
    ],
    "f1": [
      0.535031847133758,
      0.47297297297297297,
      0.5695364238410596,
      0.4868421052631579,
      0.4397163120567376
    ],
    "precision": [
      0.75,
      0.7446808510638298,
      0.86,
      0.7254901960784313,
      0.7948717948717948
    ],
    "recall": [
      0.4158415841584158,
      0.3465346534653465,
      0.42574257425742573,
      0.36633663366336633,
      0.30392156862745096
    ],
    "roc_auc": [
      0.9237694411642998,
      0.920640687922003,
      0.9466093398330658,
      0.930758672197495,
      0.9340786314525811
    ],
    "recall_at_k": [
      0.6336633663366337,
      0.5643564356435643,
      0.6831683168316832,
      0.5742574257425742,
      0.5686274509803921
    ],
    "precision_at_k": [
      0.6336633663366337,
      0.5643564356435643,
      0.6831683168316832,
      0.5742574257425742,
      0.5686274509803921
    ]
  },
  "folds": [
    {
      "fold_id": 0,
      "metrics": {
        "auprc": 0.6570682797161721,
        "f1": 0.535031847133758,
        "precision": 0.75,
        "recall": 0.4158415841584158,
        "roc_auc": 0.9237694411642998,
        "recall_at_k": 0.6336633663366337,
        "precision_at_k": 0.6336633663366337,
        "k": 101,
        "threshold": 0.5,
        "n_samples": 1082,
        "n_positive": 101
      },
      "confusion_matrix": [
        [
          967,
          14
        ],
        [
          59,
          42
        ]
      ],
      "n_train": 4328,
      "n_val": 1082
    },
    {
      "fold_id": 1,
      "metrics": {
        "auprc": 0.6123220038547351,
        "f1": 0.47297297297297297,
        "precision": 0.7446808510638298,
        "recall": 0.3465346534653465,
        "roc_auc": 0.920640687922003,
        "recall_at_k": 0.5643564356435643,
        "precision_at_k": 0.5643564356435643,
        "k": 101,
        "threshold": 0.5,
        "n_samples": 1082,
        "n_positive": 101
      },
      "confusion_matrix": [
        [
          969,
          12
        ],
        [
          66,
          35
        ]
      ],
      "n_train": 4328,
      "n_val": 1082
    },
    {
      "fold_id": 2,
      "metrics": {
        "auprc": 0.7556923297502232,
        "f1": 0.5695364238410596,
        "precision": 0.86,
        "recall": 0.42574257425742573,
        "roc_auc": 0.9466093398330658,
        "recall_at_k": 0.6831683168316832,
        "precision_at_k": 0.6831683168316832,
        "k": 101,
        "threshold": 0.5,
        "n_samples": 1082,
        "n_positive": 101
      },
      "confusion_matrix": [
        [
          974,
          7
        ],
        [
          58,
          43
        ]
      ],
      "n_train": 4328,
      "n_val": 1082
    },
    {
      "fold_id": 3,
      "metrics": {
        "auprc": 0.6115633846510478,
        "f1": 0.4868421052631579,
        "precision": 0.7254901960784313,
        "recall": 0.36633663366336633,
        "roc_auc": 0.930758672197495,
        "recall_at_k": 0.5742574257425742,
        "precision_at_k": 0.5742574257425742,
        "k": 101,
        "threshold": 0.5,
        "n_samples": 1082,
        "n_positive": 101
      },
      "confusion_matrix": [
        [
          967,
          14
        ],
        [
          64,
          37
        ]
      ],
      "n_train": 4328,
      "n_val": 1082
    },
    {
      "fold_id": 4,
      "metrics": {
        "auprc": 0.6439509727793096,
        "f1": 0.4397163120567376,
        "precision": 0.7948717948717948,
        "recall": 0.30392156862745096,
        "roc_auc": 0.9340786314525811,
        "recall_at_k": 0.5686274509803921,
        "precision_at_k": 0.5686274509803921,
        "k": 102,
        "threshold": 0.5,
        "n_samples": 1082,
        "n_positive": 102
      },
      "confusion_matrix": [
        [
          972,
          8
        ],
        [
          71,
          31
        ]
      ],
      "n_train": 4328,
      "n_val": 1082
    }
  ]
}