{
  "created_at_utc": "2026-06-11T13:12:08.467029+00:00",
  "primary_metric": "auprc",
  "model_name": "rgcn_h128_L2_d0.4_b4_f15-10",
  "config": {
    "hidden_dim": 128,
    "num_layers": 2,
    "dropout": 0.4,
    "num_bases": 4,
    "fanout": [
      15,
      10
    ],
    "batch_size": 256,
    "learning_rate": 0.001,
    "weight_decay": 1e-05,
    "max_epochs": 100,
    "patience": 10,
    "min_delta": 0.0001,
    "seed": 42,
    "schema_name": "v1.1",
    "relation_ablation": "full",
    "feature_ablation": "full",
    "config_id": "h128_L2_d0.4_b4_f15-10"
  },
  "summary": {
    "auprc": {
      "mean": 0.65424572392498,
      "std": 0.04635061771726948,
      "n_folds": 5.0
    },
    "f1": {
      "mean": 0.5404946819726029,
      "std": 0.0360150860807955,
      "n_folds": 5.0
    },
    "precision": {
      "mean": 0.4075820336114031,
      "std": 0.04886241744908677,
      "n_folds": 5.0
    },
    "recall": {
      "mean": 0.8180935740632886,
      "std": 0.0711258685992327,
      "n_folds": 5.0
    },
    "roc_auc": {
      "mean": 0.9143382938908449,
      "std": 0.01439609391230948,
      "n_folds": 5.0
    },
    "recall_at_k": {
      "mean": 0.606697728596389,
      "std": 0.045244578116238075,
      "n_folds": 5.0
    },
    "precision_at_k": {
      "mean": 0.606697728596389,
      "std": 0.045244578116238075,
      "n_folds": 5.0
    }
  },
  "per_fold_scores": {
    "auprc": [
      0.6538640379179187,
      0.6197642754158961,
      0.7341248182105521,
      0.6294448141751618,
      0.6340306739053712
    ],
    "f1": [
      0.5743243243243243,
      0.5555555555555556,
      0.564935064935065,
      0.5201238390092879,
      0.48753462603878117
    ],
    "precision": [
      0.4358974358974359,
      0.46357615894039733,
      0.42028985507246375,
      0.3783783783783784,
      0.33976833976833976
    ],
    "recall": [
      0.8415841584158416,
      0.693069306930693,
      0.8613861386138614,
      0.8316831683168316,
      0.8627450980392157
    ],
    "roc_auc": [
      0.9196011344253691,
      0.8903422452336975,
      0.9289167448854978,
      0.9178853665183032,
      0.9149459783913564
    ],
    "recall_at_k": [
      0.6138613861386139,
      0.5643564356435643,
      0.6732673267326733,
      0.5643564356435643,
      0.6176470588235294
    ],
    "precision_at_k": [
      0.6138613861386139,
      0.5643564356435643,
      0.6732673267326733,
      0.5643564356435643,
      0.6176470588235294
    ]
  },
  "folds": [
    {
      "fold_id": 0,
      "metrics": {
        "auprc": 0.6538640379179187,
        "f1": 0.5743243243243243,
        "precision": 0.4358974358974359,
        "recall": 0.8415841584158416,
        "roc_auc": 0.9196011344253691,
        "recall_at_k": 0.6138613861386139,
        "precision_at_k": 0.6138613861386139,
        "k": 101,
        "threshold": 0.5,
        "n_samples": 1082,
        "n_positive": 101
      },
      "confusion_matrix": [
        [
          871,
          110
        ],
        [
          16,
          85
        ]
      ],
      "best_epoch": 11,
      "best_val_auprc": 0.6538640379179187,
      "history": [
        {
          "epoch": 1.0,
          "train_loss": 1.0516377582269556,
          "val_auprc": 0.6234892960669799
        },
        {
          "epoch": 2.0,
          "train_loss": 0.7110033771570992,
          "val_auprc": 0.6346110999286123
        },
        {
          "epoch": 3.0,
          "train_loss": 0.6074604251805473,
          "val_auprc": 0.6374487137778945
        },
        {
          "epoch": 4.0,
          "train_loss": 0.5777735289405374,
          "val_auprc": 0.6356963855061892
        },
        {
          "epoch": 5.0,
          "train_loss": 0.5499377022771275,
          "val_auprc": 0.6207336342100649
        },
        {
          "epoch": 6.0,
          "train_loss": 0.4940875733599943,
          "val_auprc": 0.6183324517029058
        },
        {
          "epoch": 7.0,
          "train_loss": 0.47764450311660767,
          "val_auprc": 0.6422125253124461
        },
        {
          "epoch": 8.0,
          "train_loss": 0.4563816645566155,
          "val_auprc": 0.6277814303380915
        },
        {
          "epoch": 9.0,
          "train_loss": 0.4207740355940426,
          "val_auprc": 0.6470116233412366
        },
        {
          "epoch": 10.0,
          "train_loss": 0.3859044821823345,
          "val_auprc": 0.6484885222248725
        },
        {
          "epoch": 11.0,
          "train_loss": 0.3473566858207478,
          "val_auprc": 0.6538640379179187
        },
        {
          "epoch": 12.0,
          "train_loss": 0.3214818572296816,
          "val_auprc": 0.6315044960819727
        },
        {
          "epoch": 13.0,
          "train_loss": 0.3211481553666732,
          "val_auprc": 0.6281799165772447
        },
        {
          "epoch": 14.0,
          "train_loss": 0.3156082752872916,
          "val_auprc": 0.6241725214392851
        },
        {
          "epoch": 15.0,
          "train_loss": 0.24995445591561935,
          "val_auprc": 0.6280720443334556
        },
        {
          "epoch": 16.0,
          "train_loss": 0.2908739132039687,
          "val_auprc": 0.61606120495732
        },
        {
          "epoch": 17.0,
          "train_loss": 0.24821029077557957,
          "val_auprc": 0.6144343254668785
        },
        {
          "epoch": 18.0,
          "train_loss": 0.24598320003818064,
          "val_auprc": 0.6104331030199713
        },
        {
          "epoch": 19.0,
          "train_loss": 0.24636398343478932,
          "val_auprc": 0.6071585291101175
        },
        {
          "epoch": 20.0,
          "train_loss": 0.22205383856506908,
          "val_auprc": 0.5928615050825203
        },
        {
          "epoch": 21.0,
          "train_loss": 0.21709871905691483,
          "val_auprc": 0.616802227405315
        }
      ]
    },
    {
      "fold_id": 1,
      "metrics": {
        "auprc": 0.6197642754158961,
        "f1": 0.5555555555555556,
        "precision": 0.46357615894039733,
        "recall": 0.693069306930693,
        "roc_auc": 0.8903422452336975,
        "recall_at_k": 0.5643564356435643,
        "precision_at_k": 0.5643564356435643,
        "k": 101,
        "threshold": 0.5,
        "n_samples": 1082,
        "n_positive": 101
      },
      "confusion_matrix": [
        [
          900,
          81
        ],
        [
          31,
          70
        ]
      ],
      "best_epoch": 7,
      "best_val_auprc": 0.6197642754158961,
      "history": [
        {
          "epoch": 1.0,
          "train_loss": 0.9903476694050957,
          "val_auprc": 0.5417095276916357
        },
        {
          "epoch": 2.0,
          "train_loss": 0.6694871607948752,
          "val_auprc": 0.5878796540856551
        },
        {
          "epoch": 3.0,
          "train_loss": 0.6048076801440295,
          "val_auprc": 0.6189554696228946
        },
        {
          "epoch": 4.0,
          "train_loss": 0.5658779337125666,
          "val_auprc": 0.6161571085686927
        },
        {
          "epoch": 5.0,
          "train_loss": 0.5357518125982845,
          "val_auprc": 0.6154614050091487
        },
        {
          "epoch": 6.0,
          "train_loss": 0.49927347898483276,
          "val_auprc": 0.5866565145784217
        },
        {
          "epoch": 7.0,
          "train_loss": 0.4792042409672457,
          "val_auprc": 0.6197642754158961
        },
        {
          "epoch": 8.0,
          "train_loss": 0.43393489367821636,
          "val_auprc": 0.5977676173937515
        },
        {
          "epoch": 9.0,
          "train_loss": 0.43332630045273723,
          "val_auprc": 0.5943781489601017
        },
        {
          "epoch": 10.0,
          "train_loss": 0.3823842923430836,
          "val_auprc": 0.6087511267986175
        },
        {
          "epoch": 11.0,
          "train_loss": 0.37849640407982993,