{
  "created_at_utc": "2026-06-11T11:43:30.072491+00:00",
  "primary_metric": "auprc",
  "model_name": "rgcn_h64_L2_d0.3_b4_f15-10",
  "config": {
    "hidden_dim": 64,
    "num_layers": 2,
    "dropout": 0.3,
    "num_bases": 4,
    "fanout": [
      15,
      10
    ],
    "batch_size": 256,
    "learning_rate": 0.001,
    "weight_decay": 1e-05,
    "max_epochs": 2,
    "patience": 1,
    "min_delta": 0.0001,
    "seed": 42,
    "schema_name": "v1.1",
    "relation_ablation": "full",
    "feature_ablation": "full",
    "config_id": "h64_L2_d0.3_b4_f15-10"
  },
  "summary": {
    "auprc": {
      "mean": 0.6159074340707817,
      "std": 0.044478344550562744,
      "n_folds": 5.0
    },
    "f1": {
      "mean": 0.49479117147242196,
      "std": 0.0209628414050562,
      "n_folds": 5.0
    },
    "precision": {
      "mean": 0.3529884157387941,
      "std": 0.02552593911822669,
      "n_folds": 5.0
    },
    "recall": {
      "mean": 0.8321102698505145,
      "std": 0.03496337858568668,
      "n_folds": 5.0
    },
    "roc_auc": {
      "mean": 0.9056942948554358,
      "std": 0.01113299835774068,
      "n_folds": 5.0
    },
    "recall_at_k": {
      "mean": 0.5928557561638517,
      "std": 0.05727707926647258,
      "n_folds": 5.0
    },
    "precision_at_k": {
      "mean": 0.5928557561638517,
      "std": 0.05727707926647258,
      "n_folds": 5.0
    }
  },
  "per_fold_scores": {
    "auprc": [
      0.608717389481718,
      0.5773919113925045,
      0.6917420114587148,
      0.591531952841713,
      0.6101539051792588
    ],
    "f1": [
      0.48484848484848486,
      0.46629213483146065,
      0.5014409221902018,
      0.4984984984984985,
      0.5228758169934641
    ],
    "precision": [
      0.33587786259541985,
      0.3254901960784314,
      0.35365853658536583,
      0.3577586206896552,
      0.39215686274509803
    ],
    "recall": [
      0.8712871287128713,
      0.8217821782178217,
      0.8613861386138614,
      0.8217821782178217,
      0.7843137254901961
    ],
    "roc_auc": [
      0.9075806663235131,
      0.8902110394525691,
      0.9197424329588921,
      0.9002230498279187,
      0.9107142857142857
    ],
    "recall_at_k": [
      0.594059405940594,
      0.5742574257425742,
      0.6732673267326733,
      0.5148514851485149,
      0.6078431372549019
    ],
    "precision_at_k": [
      0.594059405940594,
      0.5742574257425742,
      0.6732673267326733,
      0.5148514851485149,
      0.6078431372549019
    ]
  },
  "folds": [
    {
      "fold_id": 0,
      "metrics": {
        "auprc": 0.608717389481718,
        "f1": 0.48484848484848486,
        "precision": 0.33587786259541985,
        "recall": 0.8712871287128713,
        "roc_auc": 0.9075806663235131,
        "recall_at_k": 0.594059405940594,
        "precision_at_k": 0.594059405940594,
        "k": 101,
        "threshold": 0.5,
        "n_samples": 1082,
        "n_positive": 101
      },
      "confusion_matrix": [
        [
          807,
          174
        ],
        [
          13,
          88
        ]
      ],
      "best_epoch": 2,
      "best_val_auprc": 0.608717389481718,
      "history": [
        {
          "epoch": 1.0,
          "train_loss": 1.1483819134095137,
          "val_auprc": 0.5771499811520495
        },
        {
          "epoch": 2.0,
          "train_loss": 0.8528269529342651,
          "val_auprc": 0.608717389481718
        }
      ]
    },
    {
      "fold_id": 1,
      "metrics": {
        "auprc": 0.5773919113925045,
        "f1": 0.46629213483146065,
        "precision": 0.3254901960784314,
        "recall": 0.8217821782178217,
        "roc_auc": 0.8902110394525691,
        "recall_at_k": 0.5742574257425742,
        "precision_at_k": 0.5742574257425742,
        "k": 101,
        "threshold": 0.5,
        "n_samples": 1082,
        "n_positive": 101
      },
      "confusion_matrix": [
        [
          809,
          172
        ],
        [
          18,
          83
        ]
      ],
      "best_epoch": 2,
      "best_val_auprc": 0.5773919113925045,
      "history": [
        {
          "epoch": 1.0,
          "train_loss": 1.1300847179749434,
          "val_auprc": 0.5597458869772862
        },
        {
          "epoch": 2.0,
          "train_loss": 0.8229074162595412,
          "val_auprc": 0.5773919113925045
        }
      ]
    },
    {
      "fold_id": 2,
      "metrics": {
        "auprc": 0.6917420114587148,
        "f1": 0.5014409221902018,
        "precision": 0.35365853658536583,
        "recall": 0.8613861386138614,
        "roc_auc": 0.9197424329588921,
        "recall_at_k": 0.6732673267326733,
        "precision_at_k": 0.6732673267326733,
        "k": 101,
        "threshold": 0.5,
        "n_samples": 1082,
        "n_positive": 101
      },
      "confusion_matrix": [
        [
          822,
          159
        ],
        [
          14,
          87
        ]
      ],
      "best_epoch": 2,
      "best_val_auprc": 0.6917420114587148,
      "history": [
        {
          "epoch": 1.0,
          "train_loss": 1.0646118661936592,
          "val_auprc": 0.6400273123257683
        },
        {
          "epoch": 2.0,
          "train_loss": 0.7635638608652002,
          "val_auprc": 0.6917420114587148
        }
      ]
    },
    {
      "fold_id": 3,
      "metrics": {
        "auprc": 0.591531952841713,
        "f1": 0.4984984984984985,
        "precision": 0.3577586206896552,
        "recall": 0.8217821782178217,
        "roc_auc": 0.9002230498279187,
        "recall_at_k": 0.5148514851485149,
        "precision_at_k": 0.5148514851485149,
        "k": 101,
        "threshold": 0.5,
        "n_samples": 1082,
        "n_positive": 101
      },
      "confusion_matrix": [
        [
          832,
          149
        ],
        [
          18,
          83
        ]
      ],
      "best_epoch": 2,
      "best_val_auprc": 0.591531952841713,
      "history": [
        {
          "epoch": 1.0,
          "train_loss": 1.1117242469507105,
          "val_auprc": 0.5667007387343588
        },
        {
          "epoch": 2.0,
          "train_loss": 0.799324912183425,
          "val_auprc": 0.591531952841713
        }
      ]
    },
    {
      "fold_id": 4,
      "metrics": {
        "auprc": 0.6101539051792588,
        "f1": 0.5228758169934641,
        "precision": 0.39215686274509803,
        "recall": 0.7843137254901961,
        "roc_auc": 0.9107142857142857,
        "recall_at_k": 0.6078431372549019,
        "precision_at_k": 0.6078431372549019,
        "k": 102,
        "threshold": 0.5,
        "n_samples": 1082,
        "n_positive": 102
      },
      "confusion_matrix": [
        [
          856,
          124
        ],
        [
          22,
          80
        ]
      ],
      "best_epoch": 2,
      "best_val_auprc": 0.6101539051792588,
      "history": [
        {
          "epoch": 1.0,
          "train_loss": 1.11611109270769,
          "val_auprc": 0.5796141769869189
        },
        {
          "epoch": 2.0,
          "train_loss": 0.7729321122169495,
          "val_auprc": 0.6101539051792588
        }
      ]
    }
  ]
}